CURSO_ACADEMICO;CENTRO;ESTUDIO;TIPO_ESTUDIO;ALUMNOS_MATRICULADOS;ALUMNOS_NUEVO_INGRESO;PLAZAS_OFERTADAS;ALUMNOS_GRADUADOS;ALUMNOS_ADAPTA_GRADO_MATRI;ALUMNOS_ADAPTA_GRADO_MATRI_NI;ALUMNOS_ADAPTA_GRADO_TITULADO;ALUMNOS_CON_RECONOCIMIENTO;ALUMNOS_MOVILIDAD_ENTRADA;ALUMNOS_MOVILIDAD_SALIDA;CREDITOS_MATRICULADOS;CREDITOS_RECONOCIDOS;DURACION_MEDIA_GRADUADOS;TASA_EXITO;TASA_RENDIMIENTO;TASA_EFICIENCIA;TASA_ABANDONO;TASA_GRADUACION;FECHA_ACTUALIZACION
2023;Escuela Politécnica Superior;1-Ciencias Ambientales;Grado;169;31;54;12;0;0;0;57;10;12;8749.00;334.50;6.30;85.90;76.43;75.39;0.00;0.00;15/09/2024
2023;Facultad de Ciencias de la Salud;1-Enfermería;Grado;646;173;176;134;0;0;0;153;18;8;37554.50;1738.50;4.06;96.84;94.14;98.41;0.00;0.00;15/09/2024
2023;Escuela Universitaria de Enfermería San Jorge de Huesca;1-Enfermería;Grado;208;59;59;43;0;0;0;57;3;11;12297.00;1270.00;4.00;96.75;94.39;97.22;0.00;0.00;15/09/2024
2023;Escuela Universitaria de Enfermería de Teruel;1-Enfermería;Grado;137;37;36;32;0;0;0;30;2;5;8014.00;437.00;4.04;98.82;96.98;96.43;0.00;0.00;15/09/2024
2023;Facultad de Ciencias Sociales y Humanas de Teruel;1-Bellas Artes;Grado;171;40;55;33;0;0;0;9;18;18;10016.00;104.50;4.29;96.61;93.95;96.86;0.00;0.00;15/09/2024
2023;Facultad de Ciencias Sociales y Humanas de Teruel;1-Psicología;Grado;25;0;;17;0;0;0;0;;1;480.00;0.00;6.00;98.36;89.55;81.54;;;15/09/2024
2023;Facultad de Filosofía y Letras;1-Filosofía;Grado;230;54;60;32;0;0;0;36;29;7;12071.50;558.00;4.79;91.35;76.92;90.47;0.00;0.00;15/09/2024
2023;Facultad de Filosofía y Letras;1-Periodismo;Grado;235;57;60;41;0;0;0;40;62;20;13594.50;595.00;4.21;96.50;91.83;97.21;0.00;0.00;15/09/2024
2023;Facultad de Filosofía y Letras;1-Información y Documentación;Grado;50;14;36;9;0;0;0;18;6;2;2376.00;2087.50;4.25;90.48;80.64;94.23;0.00;0.00;15/09/2024
2023;Facultad de Ciencias de la Salud;1-Fisioterapia;Grado;236;56;60;46;0;0;0;67;6;5;13639.00;755.00;4.05;96.28;93.39;97.32;0.00;0.00;15/09/2024
2023;Facultad de Ciencias de la Salud;1-Terapia Ocupacional;Grado;275;72;80;51;0;0;0;5;4;3;16779.00;131.00;4.08;94.34;88.54;94.66;0.00;0.00;15/09/2024
2023;Facultad de Ciencias Sociales y del Trabajo;1-Trabajo Social;Grado;592;158;180;109;1;0;0;57;46;22;34390.00;898.00;4.33;90.93;83.98;91.64;0.00;0.00;15/09/2024
2023;Escuela de Ingeniería y Arquitectura;1-Ingeniería en Diseño Industrial y Desarrollo de Producto;Grado;374;83;82;44;0;0;0;102;28;33;21384.00;613.00;4.68;87.74;83.51;88.55;0.00;0.00;15/09/2024
2023;Facultad de Veterinaria;1-Ciencia y Tecnología de los Alimentos;Grado;246;60;60;34;0;0;0;53;13;16;14068.00;612.00;5.03;84.01;77.93;89.37;0.00;0.00;15/09/2024
2023;Facultad de Ciencias de la Salud y del Deporte;1-Ciencias de la Actividad Física y del Deporte;Grado;276;62;62;35;0;0;0;56;15;15;15351.00;926.00;4.68;91.35;87.58;94.34;0.00;0.00;15/09/2024
2023;Facultad de Ciencias;1-Geología;Grado;104;32;47;8;0;0;0;16;12;6;5618.50;70.50;5.57;77.84;70.62;75.87;0.00;0.00;15/09/2024
2023;Facultad de Ciencias;1-Óptica y Optometría;Grado;206;46;60;38;0;0;0;25;3;2;11855.00;88.50;4.63;86.46;78.73;87.45;0.00;0.00;15/09/2024
2023;Facultad de Educación;1-Magisterio en Educación Primaria;Grado;1026;240;240;201;2;0;0;33;28;63;58424.00;1069.00;4.40;95.23;92.27;92.87;0.00;0.00;15/09/2024
2023;Facultad de Ciencias Humanas y de la Educación;1-Magisterio en Educación Primaria;Grado;525;117;120;90;0;0;0;18;3;14;30607.00;392.00;4.46;89.64;84.39;92.97;0.00;0.00;15/09/2024
2023;Facultad de Ciencias Sociales y Humanas de Teruel;1-Magisterio en Educación Primaria;Grado;466;116;120;62;0;0;0;29;8;21;26356.00;639.50;4.73;90.02;85.24;88.73;0.00;0.00;15/09/2024
2023;Facultad de Educación;1-Magisterio en Educación Infantil;Grado;485;119;120;115;0;0;0;27;15;16;28009.00;1000.50;4.25;94.65;92.64;95.86;0.00;0.00;15/09/2024
2023;Facultad de Ciencias Humanas y de la Educación;1-Magisterio en Educación Infantil;Grado;453;115;120;88;0;0;0;46;3;12;25364.50;1416.00;4.30;90.34;83.52;94.34;0.00;0.00;15/09/2024
2023;Facultad de Ciencias Sociales y Humanas de Teruel;1-Magisterio en Educación Infantil;Grado;395;112;120;63;0;0;0;63;10;15;22513.00;1115.50;4.46;91.40;89.27;91.57;0.00;0.00;15/09/2024
2023;Facultad de Medicina;1-Medicina;Grado;1277;197;200;226;0;0;0;634;76;108;76553.50;7140.00;5.99;96.92;94.14;97.59;0.00;0.00;15/09/2024
2023;Facultad de Ciencias de la Salud y del Deporte;1-Medicina;Grado;87;46;45;0;0;0;0;18;;0;4851.00;601.00;;93.67;90.93;;0.00;0.00;15/09/2024
2023;Facultad de Filosofía y Letras;1-Estudios Clásicos;Grado;70;21;30;11;0;0;0;13;30;2;3659.50;43.00;5.40;78.23;62.63;86.32;0.00;0.00;15/09/2024
2023;Facultad de Filosofía y Letras;1-Estudios Ingleses;Grado;405;95;100;67;0;0;0;26;89;30;22290.00;297.50;4.97;85.21;75.72;85.63;0.00;0.00;15/09/2024
2023;Facultad de Filosofía y Letras;1-Filología Hispánica;Grado;267;62;70;39;0;0;0;68;110;15;14462.50;991.00;4.94;86.75;75.04;85.23;0.00;0.00;15/09/2024
2023;Facultad de Filosofía y Letras;1-Historia;Grado;465;135;150;49;0;0;0;87;65;13;25495.00;702.00;5.07;88.16;76.20;89.85;0.00;0.00;15/09/2024
2023;Facultad de Filosofía y Letras;1-Historia del Arte;Grado;254;55;114;25;0;0;0;44;19;7;12489.50;701.50;4.90;82.84;65.46;88.50;0.00;0.00;15/09/2024
2023;Facultad de Ciencias;1-Física;Grado;375;87;85;58;0;0;0;102;9;27;21453.00;1160.00;4.72;88.38;81.01;85.48;0.00;0.00;15/09/2024
2023;Facultad de Ciencias;1-Biotecnología;Grado;291;66;66;60;0;0;0;89;19;24;16901.00;930.00;4.24;91.41;86.10;94.67;0.00;0.00;15/09/2024
2023;Facultad de Ciencias;1-Matemáticas;Grado;328;69;70;59;0;0;0;305;13;30;18540.50;12592.50;5.16;86.04;78.42;84.73;0.00;0.00;15/09/2024
2023;Facultad de Ciencias;1-Química;Grado;590;142;150;53;0;0;0;105;10;11;32673.00;908.50;5.02;78.41;68.79;81.67;0.00;0.00;15/09/2024
2023;Facultad de Ciencias de la Salud y del Deporte;1-Nutrición Humana y Dietética;Grado;211;52;56;45;0;0;0;63;4;8;11318.00;741.00;4.51;86.86;79.91;95.58;0.00;0.00;15/09/2024
2023;Facultad de Ciencias de la Salud y del Deporte;1-Odontología;Grado;170;44;36;32;0;0;0;82;4;1;9823.00;1150.50;4.96;96.34;92.10;96.38;0.00;0.00;15/09/2024
2023;Facultad de Veterinaria;1-Veterinaria;Grado;759;146;146;99;0;0;0;110;26;29;45215.50;1311.50;5.40;90.36;86.25;91.55;0.00;0.00;15/09/2024
2023;Facultad de Economía y Empresa;1-Administración y Dirección de Empresas;Grado;1585;393;400;244;2;0;0;382;205;106;91532.00;5596.00;5.27;77.79;67.40;87.26;0.00;0.00;15/09/2024
2023;Facultad de Empresa y Gestión Pública;1-Administración y Dirección de Empresas;Grado;156;46;65;18;1;0;0;49;22;11;8654.00;335.00;5.39;78.22;66.33;81.06;0.00;0.00;15/09/2024
2023;Facultad de Ciencias Sociales y Humanas de Teruel;1-Administración y Dirección de Empresas;Grado;104;28;45;13;0;0;0;24;20;4;5307.00;167.50;6.33;77.39;66.34;85.68;0.00;0.00;15/09/2024
2023;Facultad de Derecho;1-Derecho;Grado;1387;305;308;292;0;0;0;456;62;90;80040.50;3501.50;5.01;85.25;78.86;89.19;0.00;0.00;15/09/2024
2023;Facultad de Economía y Empresa;1-Economía;Grado;578;143;200;78;0;0;0;123;62;21;32897.00;832.00;5.25;77.10;62.99;81.21;0.00;0.00;15/09/2024
2023;Facultad de Economía y Empresa;1-Finanzas y Contabilidad;Grado;446;134;150;33;0;0;0;83;13;8;24946.00;1724.00;5.73;72.63;56.95;77.15;0.00;0.00;15/09/2024
2023;Facultad de Filosofía y Letras;1-Geografía y Ordenación del Territorio;Grado;86;20;45;19;0;0;0;18;24;5;4555.00;112.00;4.94;91.93;80.59;91.03;0.00;0.00;15/09/2024
2023;Facultad de Empresa y Gestión Pública;1-Gestión y Administración Pública;Grado;134;43;45;16;8;0;4;78;4;0;5510.00;2657.50;4.75;92.20;79.76;84.57;0.00;0.00;15/09/2024
2023;Facultad de Economía y Empresa;1-Marketing e Investigación de Mercados;Grado;570;141;150;94;0;0;0;126;49;28;31564.00;1455.50;5.16;78.07;68.07;84.66;0.00;0.00;15/09/2024
2023;Facultad de Ciencias Sociales y del Trabajo;1-Relaciones Laborales y Recursos Humanos;Grado;677;166;180;93;1;0;1;136;28;22;37158.00;925.50;5.41;79.33;71.78;87.04;0.00;0.00;15/09/2024
2023;Escuela Universitaria de Turismo de Zaragoza;1-Turismo;Grado;164;21;72;33;0;0;0;78;5;18;8286.00;2369.00;4.40;89.70;74.45;95.66;0.00;0.00;15/09/2024
2023;Escuela Politécnica Superior;1-Ingeniería Agroalimentaria y del Medio Rural;Grado;215;51;45;6;0;0;0;66;5;8;11367.00;736.50;6.00;79.03;65.41;73.18;0.00;0.00;15/09/2024
2023;Escuela Universitaria Politécnica de la Almunia de Doña Godina;1-Ingeniería Civil;Grado;74;28;54;6;1;0;1;16;15;0;3755.00;205.00;7.50;78.55;61.52;71.68;0.00;0.00;15/09/2024
2023;Escuela Universitaria Politécnica de la Almunia de Doña Godina;1-Arquitectura Técnica;Grado;126;42;45;6;2;1;1;23;24;3;6337.00;578.00;6.00;83.91;68.45;90.53;0.00;0.00;15/09/2024
2023;Escuela Universitaria Politécnica de la Almunia de Doña Godina;1-Ingeniería de Organización Industrial;Grado;163;40;56;17;0;0;0;58;23;5;6882.00;1914.00;4.71;83.88;68.95;95.26;0.00;0.00;15/09/2024
2023;Centro Universitario de la Defensa de Zaragoza;1-Ingeniería de Organización Industrial;Grado;1285;313;300;210;0;0;0;177;;0;61269.00;2310.00;5.26;96.41;95.93;92.54;0.00;0.00;15/09/2024
2023;Escuela de Ingeniería y Arquitectura;1-Ingeniería de Tecnologías Industriales;Grado;703;174;180;60;0;0;0;121;13;53;39839.50;664.50;5.28;79.04;66.74;82.77;0.00;0.00;15/09/2024
2023;Escuela de Ingeniería y Arquitectura;1-Ingeniería de Tecnologías de Telecomunicación;Grado;279;81;90;19;0;0;0;234;1;8;15519.50;8584.50;5.83;72.96;59.94;74.84;0.00;0.00;15/09/2024
2023;Escuela de Ingeniería y Arquitectura;1-Ingeniería Eléctrica;Grado;226;70;81;17;2;0;0;48;7;6;11952.00;973.50;5.44;75.41;56.94;77.86;0.00;0.00;15/09/2024
2023;Escuela de Ingeniería y Arquitectura;1-Ingeniería Electrónica y Automática;Grado;341;103;120;21;0;0;0;68;2;15;18211.00;997.50;6.53;71.35;56.45;73.95;0.00;0.00;15/09/2024
2023;Escuela Universitaria Politécnica de Teruel;1-Ingeniería Electrónica y Automática;Grado;82;28;28;9;0;0;0;34;;6;4248.00;669.00;5.75;85.94;71.69;84.28;0.00;0.00;15/09/2024
2023;Escuela de Ingeniería y Arquitectura;1-Ingeniería Informática;Grado;508;112;110;60;0;0;0;119;13;23;27232.00;1320.50;4.98;89.74;81.88;88.74;0.00;0.00;15/09/2024
2023;Escuela Universitaria Politécnica de Teruel;1-Ingeniería Informática;Grado;98;26;28;5;0;0;0;27;2;6;5624.00;361.00;5.50;82.83;73.09;78.17;0.00;0.00;15/09/2024
2023;Escuela de Ingeniería y Arquitectura;1-Ingeniería Mecánica;Grado;789;208;216;54;1;0;0;109;16;36;41864.00;1317.00;6.09;74.23;61.26;74.86;0.00;0.00;15/09/2024
2023;Escuela Universitaria Politécnica de la Almunia de Doña Godina;1-Ingeniería Mecatrónica;Grado;245;52;56;29;0;0;0;83;13;4;11968.00;1380.00;5.94;73.05;60.88;77.87;0.00;0.00;15/09/2024
2023;Escuela de Ingeniería y Arquitectura;1-Ingeniería Química;Grado;314;79;85;32;1;0;1;52;6;13;16475.00;662.50;5.88;77.93;68.53;76.24;0.00;0.00;15/09/2024
2023;Facultad de Filosofía y Letras;1-Lenguas Modernas;Grado;195;43;55;26;0;0;0;14;100;10;10473.00;380.00;4.79;77.28;68.52;86.96;0.00;0.00;15/09/2024
2023;Facultad de Derecho;1-Programa conjunto en Derecho-Administración y Dirección de Empresas;Grado;433;80;80;0;0;0;0;108;9;61;30659.50;278.50;;95.02;90.79;;0.00;0.00;15/09/2024
2023;Escuela de Ingeniería y Arquitectura;1-Estudios en Arquitectura;Grado;362;70;70;24;0;0;0;68;36;40;20246.00;1243.00;6.90;82.94;76.18;81.64;0.00;0.00;15/09/2024
2023;Facultad de Ciencias;1-Programa conjunto Física-Matemáticas (FisMat);Grado;67;10;10;;0;0;;26;;7;4631.00;325.50;;98.94;96.06;;0.00;0.00;15/09/2024
2023;Facultad de Ciencias de la Salud y del Deporte;1-Programa conjunto en Nutrición Humana y Dietética-Ciencias de la Actividad Física y del Deporte;Grado;48;11;10;0;0;0;0;17;;9;3658.00;72.00;;95.03;90.67;;0.00;0.00;15/09/2024
2023;Escuela de Ingeniería y Arquitectura;1-Programa conjunto en Matemáticas-Ingeniería Informática;Grado;48;10;10;;0;0;;6;;3;3817.00;12.00;;94.08;88.59;;0.00;0.00;15/09/2024
2023;Escuela Universitaria Politécnica de la Almunia de Doña Godina;1-Programa conjunto en Ingeniería Mecatrónica-Ingeniería de Organización  Industrial;Grado;47;11;10;0;0;0;0;16;;1;3114.00;271.00;;92.60;88.13;;0.00;0.00;15/09/2024
2023;Facultad de Ciencias Sociales y Humanas de Teruel;1-Psicología;Grado;328;87;94;47;0;0;0;24;20;34;20226.00;1073.50;3.98;94.39;92.20;98.37;0.00;0.00;15/09/2024
2023;Escuela Universitaria Politécnica de la Almunia de Doña Godina;1-Ingeniería de Datos en Procesos Industriales;Grado;125;48;60;0;0;0;0;22;3;4;7500.00;248.00;;87.50;80.90;;0.00;0.00;15/09/2024
2023;Escuela Universitaria Politécnica de Teruel;1-Programa conjunto en Ingeniería Informática-Administración y Dirección de Empresas;Grado;18;9;10;0;0;0;0;5;2;0;1308.00;151.00;;82.76;77.06;;0.00;0.00;15/09/2024
2023;Facultad de Derecho;5-Derecho;Licenciatura o equivalente;;;;0;;;0;;;;;;;;;;;;15/09/2024
2023;Facultad de Economía y Empresa;6-Diplomado Ciencias Empresariales;Diplomatura o equivalente;;;;0;;;0;;;;;;;;;;;;15/09/2024
2023;Facultad de Ciencias;5-Matemáticas;Licenciatura o equivalente;;;;0;;;0;;;;;;;;;;;;15/09/2024
2023;"Escuela Universitaria de Trabajo Social ""San Vicente de Paul""";6-Trabajo Social;Diplomatura o equivalente;;;;0;;;0;;;;;;;;;;;;15/09/2024
2023;Facultad de Filosofía y Letras;6-Filología Inglesa;Licenciatura o equivalente;;;;0;;;0;;;;;;;;;;;;15/09/2024
2023;Facultad de Ciencias;4-Movilidad para 1º y 2º ciclo y grado;Movilidad de entrada;60;0;;;0;0;;0;;0;1688.50;0.00;;100.00;100.00;;;;15/09/2024
2023;Facultad de Derecho;4-Movilidad para 1º y 2º ciclo y grado;Movilidad de entrada;56;0;;;0;0;;0;;0;1736.00;0.00;;;;;;;15/09/2024
2023;Facultad de Filosofía y Letras;4-Movilidad para 1º y 2º ciclo y grado;Movilidad de entrada;226;0;;;0;0;;0;47;0;7849.00;0.00;;;;;;;15/09/2024
2023;Facultad de Medicina;4-Movilidad para 1º y 2º ciclo y grado;Movilidad de entrada;75;0;;;0;0;;0;;0;5023.00;0.00;;;;;;;15/09/2024
2023;Facultad de Veterinaria;4-Movilidad para 1º y 2º ciclo y grado;Movilidad de entrada;54;0;;;0;0;;0;;0;1703.00;0.00;;;;;;;15/09/2024
2023;Facultad de Educación;4-Movilidad para 1º y 2º ciclo y grado;Movilidad de entrada;27;0;;;0;0;;0;;0;878.00;0.00;;;;;;;15/09/2024
2023;Facultad de Ciencias Sociales y del Trabajo;4-Movilidad para 1º y 2º ciclo y grado;Movilidad de entrada;36;0;;;0;0;;0;;0;1121.00;0.00;;;;;;;15/09/2024
2023;Facultad de Economía y Empresa;4-Movilidad para 1º y 2º ciclo y grado;Movilidad de entrada;205;0;;;0;0;;0;;0;5844.00;0.00;;;;;;;15/09/2024
2023;Escuela de Ingeniería y Arquitectura;4-Movilidad para 1º y 2º ciclo y grado;Movilidad de entrada;103;0;;;0;0;;0;;0;2932.50;0.00;;;;;;;15/09/2024
2023;Facultad de Ciencias de la Salud;4-Movilidad para 1º y 2º ciclo y grado;Movilidad de entrada;28;0;;;0;0;;0;;0;921.00;0.00;;100.00;100.00;;;;15/09/2024
2023;UNITA;4-Movilidad para 1º y 2º ciclo y grado;Movilidad de entrada;23;0;;;0;0;;;;0;0.00;;;;;;;;15/09/2024
2023;Escuela Universitaria Politécnica de la Almunia de Doña Godina;4-Movilidad para 1º y 2º ciclo y grado;Movilidad de entrada;51;0;;;0;0;;0;;0;1463.00;0.00;;;;;;;15/09/2024
2023;Escuela Universitaria de Turismo de Zaragoza;4-Movilidad para 1º y 2º ciclo y grado;Movilidad de entrada;5;0;;;0;0;;0;;0;123.00;0.00;;;;;;;15/09/2024
2023;Escuela Politécnica Superior;4-Movilidad para 1º y 2º ciclo y grado;Movilidad de entrada;13;0;;;0;0;;0;;0;327.00;0.00;;;;;;;15/09/2024
2023;Facultad de Ciencias Humanas y de la Educación;4-Movilidad para 1º y 2º ciclo y grado;Movilidad de entrada;4;0;;;0;0;;0;;0;108.00;0.00;;;;;;;15/09/2024
2023;Facultad de Empresa y Gestión Pública;4-Movilidad para 1º y 2º ciclo y grado;Movilidad de entrada;22;0;;;0;0;;0;;0;722.00;0.00;;;;;;;15/09/2024
2023;Facultad de Ciencias de la Salud y del Deporte;4-Movilidad para 1º y 2º ciclo y grado;Movilidad de entrada;23;0;;;0;0;;0;;0;834.00;0.00;;;;;;;15/09/2024
2023;Escuela Universitaria de Enfermería San Jorge de Huesca;4-Movilidad para 1º y 2º ciclo y grado;Movilidad de entrada;3;0;;;0;0;;0;;0;102.00;0.00;;;;;;;15/09/2024
2023;Facultad de Ciencias Sociales y Humanas de Teruel;4-Movilidad para 1º y 2º ciclo y grado;Movilidad de entrada;55;0;;;0;0;;0;;0;1688.00;0.00;;;;;;;15/09/2024
2023;Escuela Universitaria Politécnica de Teruel;4-Movilidad para 1º y 2º ciclo y grado;Movilidad de entrada;2;0;;;0;0;;0;;0;60.00;0.00;;;;;;;15/09/2024
2023;Escuela Universitaria de Enfermería de Teruel;4-Movilidad para 1º y 2º ciclo y grado;Movilidad de entrada;2;0;;;0;0;;0;;0;68.00;0.00;;;;;;;15/09/2024
2023;Facultad de Ciencias Sociales y Humanas de Teruel;6-Maestro Educación Primaria;Diplomatura o equivalente;;;;0;;;0;;;;;;;;;;;;15/09/2024
2023;Facultad de Economía y Empresa;5-Licenciado en Economía;Licenciatura o equivalente;;;;0;;;0;;;;;;;;;;;;15/09/2024
2023;Facultad de Ciencias Sociales y del Trabajo;6-Relaciones Laborales;Diplomatura o equivalente;;;;0;;;0;;;;;;;;;;;;15/09/2024
2023;Facultad de Filosofía y Letras;5-Historia;Licenciatura o equivalente;;;;0;;;0;;;;;;;;;;;;15/09/2024
2023;Escuela Universitaria de Ingeniería Técnica Industrial;6-Ingeniero Técnico Industrial, Esp. Mecánica;Diplomatura o equivalente;;;;0;;;0;;;;;;;;;;;;15/09/2024
2023;Escuela Universitaria de Ingeniería Técnica Industrial;6-Ingeniero Técnico en Diseño Industrial;Diplomatura o equivalente;;;;0;;;0;;;;;;;;;;;;15/09/2024
2023;Facultad de Ciencias;2-Biología Molecular y Celular;Máster;28;26;30;15;0;0;0;0;;0;1632.00;0.00;1.07;100.00;99.52;96.20;0.00;53.85;15/09/2024
2023;Facultad de Ciencias;2-Física y Tecnologías Físicas;Máster;7;6;30;4;0;0;0;1;4;0;403.00;10.00;1.00;100.00;97.13;97.96;0.00;66.67;15/09/2024
2023;Facultad de Filosofía y Letras;2-Gestión del Patrimonio Cultural;Máster;39;30;35;11;0;0;0;1;;0;1976.00;12.00;1.50;96.69;93.59;88.24;0.00;17.24;15/09/2024
2023;Facultad de Filosofía y Letras;2-Tec.Información Geográfica para Ordenación Territorio: Sig/Teled;Máster;33;23;25;6;0;0;0;0;;0;1558.50;0.00;1.33;99.83;91.54;90.95;0.00;19.05;15/09/2024
2023;Facultad de Ciencias de la Salud;2-Gerontología Social;Máster;42;35;36;18;0;0;0;0;;0;2184.00;0.00;1.17;100.00;97.92;97.83;0.00;42.86;15/09/2024
2023;Facultad de Ciencias Sociales y del Trabajo;2-Relaciones de Género;Máster;23;16;30;4;0;0;0;1;1;0;990.00;30.00;1.25;97.62;93.89;95.24;0.00;21.43;15/09/2024
2023;Facultad de Economía y Empresa;2-Contabilidad y Finanzas;Máster;28;17;27;6;0;0;0;0;3;0;1176.00;0.00;1.40;98.13;83.33;93.75;0.00;17.65;15/09/2024
2023;Facultad de Economía y Empresa;2-Economía;Máster;24;15;30;0;0;0;0;0;2;0;1035.00;0.00;;96.17;58.67;;0.00;0.00;15/09/2024
2023;Facultad de Medicina;2-Iniciación a la investigación en Medicina;Máster;51;48;60;30;0;0;0;42;;0;2693.00;210.00;1.03;100.00;99.16;99.04;0.00;60.42;15/09/2024
2023;Escuela de Ingeniería y Arquitectura;2-Ingeniería biomédica;Máster;3;0;;2;0;0;0;0;;0;45.00;0.00;7.00;100.00;100.00;60.98;;;15/09/2024
2023;Facultad de Empresa y Gestión Pública;2-Dirección y planificación del turismo;Máster;20;11;30;3;0;0;0;0;8;0;750.00;0.00;2.33;100.00;98.51;83.78;0.00;9.09;15/09/2024
2023;Facultad de Ciencias;4-Movilidad para máster;Movilidad de entrada;14;0;;;0;0;;0;3;0;354.00;0.00;;;;;;;15/09/2024
2023;Facultad de Filosofía y Letras;4-Movilidad para máster;Movilidad de entrada;3;0;;;0;0;;0;;0;63.00;0.00;;;;;;;15/09/2024
2023;Facultad de Medicina;4-Movilidad para máster;Movilidad de entrada;1;0;;;0;0;;0;;0;30.00;0.00;;;;;;;15/09/2024
2023;Facultad de Educación;4-Movilidad para máster;Movilidad de entrada;1;0;;;0;0;;0;;0;35.00;0.00;;;;;;;15/09/2024
2023;Facultad de Ciencias Sociales y del Trabajo;4-Movilidad para máster;Movilidad de entrada;6;0;;;0;0;;0;;0;169.00;0.00;;;;;;;15/09/2024
2023;Facultad de Economía y Empresa;4-Movilidad para máster;Movilidad de entrada;2;0;;;0;0;;0;;0;41.00;0.00;;;;;;;15/09/2024
2023;Escuela de Ingeniería y Arquitectura;4-Movilidad para máster;Movilidad de entrada;35;0;;;0;0;;0;;0;984.50;0.00;;;;;;;15/09/2024
2023;Escuela Politécnica Superior;4-Movilidad para máster;Movilidad de entrada;1;0;;;0;0;;0;;0;12.00;0.00;;;;;;;15/09/2024
2023;Facultad de Empresa y Gestión Pública;4-Movilidad para máster;Movilidad de entrada;6;0;;;0;0;;0;;0;306.00;0.00;;;;;;;15/09/2024
2023;Facultad de Ciencias;2-Materiales nanoestructurados para aplicaciones nanotecnológicas;Máster;12;12;25;5;0;0;0;0;2;0;706.00;0.00;1.00;97.24;96.30;100.00;0.00;41.67;15/09/2024
2023;Facultad de Economía y Empresa;2-Sociología de las Políticas Públicas y Sociales;Máster;22;15;25;2;0;0;0;0;1;0;982.00;0.00;1.50;100.00;83.07;90.91;0.00;7.14;15/09/2024
2023;Facultad de Educación;2-Aprendizaje a lo largo de la vida: Iniciación a la investigación;Máster;35;22;40;7;0;0;0;11;;0;1350.00;93.00;1.67;99.23;85.16;73.80;0.00;30.77;15/09/2024
2023;Facultad de Filosofía y Letras;2-Investigación y Estudios Avanzados en Historia;Máster;8;7;40;4;0;0;0;0;;0;444.00;0.00;1.00;100.00;95.59;100.00;0.00;57.14;15/09/2024
2023;Facultad de Filosofía y Letras;2-Estudios Avanzados en Historia del Arte;Máster;9;7;35;0;0;0;0;1;3;0;435.00;48.00;;100.00;78.93;;0.00;0.00;15/09/2024
2023;Escuela de Ingeniería y Arquitectura;2-Energías Renovables y Eficiencia Energética;Máster;10;0;;6;0;0;0;6;;0;148.00;125.00;3.00;100.00;69.77;78.95;;;15/09/2024
2023;Facultad de Filosofía y Letras;2-Historia Contemporánea;Máster;2;0;;0;0;0;0;0;;0;50.00;0.00;;100.00;100.00;;;;15/09/2024
2023;Facultad de Filosofía y Letras;2-Ordenación Territorial y Medioambiental;Máster;22;15;25;4;0;0;0;0;2;0;996.00;0.00;1.75;100.00;85.51;86.96;0.00;7.14;15/09/2024
2023;Escuela de Ingeniería y Arquitectura;2-Ingeniería Electrónica;Máster;25;19;25;6;0;0;0;2;1;0;1134.00;38.00;1.33;92.26;84.62;92.31;0.00;28.57;15/09/2024
2023;Facultad de Educación;2-Profesorado E.S.O., F.P. y Ens. Idiom, Art y Deport;Máster;613;460;465;288;0;0;0;32;3;0;28960.00;454.00;1.30;98.79;95.25;97.07;0.00;53.19;15/09/2024
2023;Facultad de Ciencias Humanas y de la Educación;2-Profesorado E.S.O., F.P. y Ens. Idiom, Art y Deport;Máster;29;24;30;10;0;0;0;0;;0;1488.00;0.00;1.10;99.10;94.88;99.01;0.00;37.50;15/09/2024
2023;Facultad de Ciencias Sociales y Humanas de Teruel;2-Profesorado E.S.O., F.P. y Ens. Idiom, Art y Deport;Máster;15;13;20;4;0;0;0;0;;0;753.00;0.00;1.00;98.30;97.47;100.00;0.00;33.33;15/09/2024
2023;Facultad de Derecho;2-Prevención de riesgos laborales;Máster;30;26;30;0;0;0;0;6;;0;1843.00;283.00;;100.00;99.60;;0.00;0.00;15/09/2024
2023;Escuela de Ingeniería y Arquitectura;2-Arquitectura;Máster;38;28;80;5;0;0;0;0;2;0;2013.00;0.00;1.75;99.41;98.82;76.34;0.00;3.57;15/09/2024
2023;Facultad de Ciencias;2-Modelización e Investigación Matemática, Estadística y Computación;Máster;26;16;17;5;0;0;0;1;5;0;984.00;6.00;1.20;100.00;90.91;96.15;0.00;36.36;15/09/2024
2023;Facultad de Derecho;2-Abogacía;Máster;160;68;100;81;0;0;0;4;;0;6624.00;74.00;2.11;99.75;98.01;98.15;0.00;0.00;15/09/2024
2023;Facultad de Ciencias Humanas y de la Educación;2-Estudios Avanzados sobre el Lenguaje, la Comunicación y sus Patologías;Máster;3;0;;1;0;0;0;0;;0;42.00;0.00;;100.00;42.86;74.47;;;15/09/2024
2023;Escuela de Ingeniería y Arquitectura;2-Ingeniería Química;Máster;33;14;40;9;0;0;0;5;6;0;1518.00;60.00;2.00;99.07;94.69;93.95;0.00;9.09;15/09/2024
2023;Escuela de Ingeniería y Arquitectura;2-Ingeniería Industrial;Máster;200;76;240;47;0;0;0;10;13;14;9693.00;318.00;2.18;95.60;90.23;95.66;0.00;0.00;15/09/2024
2023;Escuela de Ingeniería y Arquitectura;2-Ingeniería de Telecomunicación;Máster;31;14;30;6;0;0;0;8;1;0;1512.00;96.00;2.00;97.14;96.23;98.26;0.00;0.00;15/09/2024
2023;Escuela de Ingeniería y Arquitectura;2-Ingeniería Informática;Máster;10;1;60;2;0;0;0;1;7;0;274.50;9.00;2.00;100.00;91.73;90.98;0.00;0.00;15/09/2024
2023;Escuela de Ingeniería y Arquitectura;2-Ingeniería Mecánica;Máster;31;18;30;7;0;0;0;1;5;0;1194.00;18.00;2.00;96.98;88.29;93.39;0.00;10.00;15/09/2024
2023;Facultad de Ciencias;2-Química Industrial;Máster;22;20;50;10;0;0;0;0;;0;1218.00;0.00;1.00;99.44;94.64;100.00;0.00;50.00;15/09/2024
2023;Facultad de Ciencias;2-Geología: Técnicas y Aplicaciones;Máster;16;11;20;3;0;0;0;0;2;0;762.00;0.00;3.00;100.00;98.06;88.06;0.00;0.00;15/09/2024
2023;Facultad de Ciencias;2-Química Molecular y Catálisis Homogénea;Máster;20;18;25;18;0;0;0;0;1;1;1168.00;0.00;1.06;100.00;96.23;94.90;0.00;88.89;15/09/2024
2023;Facultad de Economía y Empresa;2-Auditoría;Máster;42;32;32;7;0;0;0;0;;0;1893.00;0.00;1.29;96.81;92.76;95.89;0.00;19.23;15/09/2024
2023;Escuela Politécnica Superior;2-Ingeniería Agronómica;Máster;48;17;40;3;0;0;0;7;;1;1405.50;42.00;2.67;91.25;84.39;91.67;0.00;0.00;15/09/2024
2023;Facultad de Ciencias de la Salud y del Deporte;2-Evaluación y Entrenamiento Físico para la Salud;Máster;20;13;20;5;0;0;0;0;;1;894.00;0.00;3.60;95.73;94.39;65.36;0.00;25.00;15/09/2024
2023;Facultad de Filosofía y Letras;2-Mundo Antiguo y Patrimonio Arqueológico;Máster;15;10;30;2;0;0;0;0;2;0;632.00;0.00;1.00;100.00;98.05;100.00;0.00;11.11;15/09/2024
2023;Facultad de Ciencias de la Salud;2-Iniciación a la Investigación en Ciencias de la Enfermería;Máster;;;;0;;;0;;;;;;;;;;;;15/09/2024
2023;Facultad de Economía y Empresa;2-Dirección, Estrategia y Marketing;Máster;23;19;20;6;0;0;0;0;1;0;1107.00;0.00;1.20;100.00;88.25;96.77;0.00;25.00;15/09/2024
2023;Facultad de Ciencias Sociales y Humanas de Teruel;2-Psicología General Sanitaria;Máster;63;30;30;28;0;0;0;1;1;0;2712.00;3.00;2.21;100.00;98.87;96.00;0.00;0.00;15/09/2024
2023;Escuela de Ingeniería y Arquitectura;2-Ingeniería de Diseño de Producto;Máster;16;10;30;4;0;0;0;0;4;0;657.00;0.00;1.67;100.00;97.64;84.51;0.00;12.50;15/09/2024
2023;Facultad de Filosofía y Letras;2-Consultoría de Información y Comunicación Digital;Máster;34;22;25;6;0;0;0;12;1;0;1422.00;72.00;1.33;96.09;81.52;96.67;0.00;18.18;15/09/2024
2023;Facultad de Derecho;2-Gestión Administrativa;Máster;14;10;30;9;0;0;0;0;;0;591.00;0.00;1.25;100.00;88.83;95.74;0.00;75.00;15/09/2024
2023;Facultad de Filosofía y Letras;2-Investigación en Filosofía;Máster;14;11;12;3;0;0;0;0;2;0;705.00;0.00;1.33;100.00;86.32;92.31;0.00;18.18;15/09/2024
2023;Centro Universitario de la Defensa de Zaragoza;2-Dirección y Gestión de Adquisiciones de Sistemas para la Defensa;Máster;46;23;25;17;0;0;0;3;;0;1398.00;27.00;;100.00;100.00;100.00;0.00;0.00;15/09/2024
2023;Facultad de Derecho;2-Derecho de la Administración Pública;Máster;30;19;20;8;0;0;0;1;1;0;1245.00;3.00;1.00;97.51;85.06;100.00;0.00;57.14;15/09/2024
2023;Escuela de Ingeniería y Arquitectura;2-Programa conjunto en Máster Universitario en Ingeniería Industrial-Máster Universitario en Ingeniería Mecánica;Máster;1;0;;;0;0;;0;;0;12.00;0.00;;100.00;100.00;;;;15/09/2024
2023;Escuela de Ingeniería y Arquitectura;2-Programa conjunto en Máster Universitario en Ingeniería Industrial-Máster Universitario en Energías Renovables y Eficiencia Energética;Máster;11;0;;;0;0;;0;;1;270.00;0.00;;100.00;100.00;;;;15/09/2024
2023;Facultad de Medicina;2-Cond. genéticos, nutric. y amb. del crec. y desarrollo;Máster;38;20;25;19;0;0;0;0;;0;1198.00;0.00;1.00;100.00;99.25;100.00;0.00;33.33;15/09/2024
2023;Escuela de Ingeniería y Arquitectura;2-Robótica, Gráficos y Visión por Computador/Robotics, Graphics and Computer Vision;Máster;63;30;30;23;0;0;0;6;13;1;2889.00;48.00;2.00;99.28;93.75;97.97;0.00;0.00;15/09/2024
2023;Escuela Universitaria Politécnica de Teruel;2-Innovación y Emprendimiento en Tecnologías para la Salud y el Bienestar;Máster;1;0;;0;0;0;0;0;;0;27.00;0.00;;100.00;100.00;;;;15/09/2024
2023;Facultad de Veterinaria;2-Salud Global: Integración de la Salud Ambiental, Humana y Animal;Máster;19;17;30;7;0;0;0;0;;0;1071.00;0.00;1.00;100.00;100.00;100.00;0.00;35.29;15/09/2024
2023;Facultad de Filosofía y Letras;2-Enseñanza del Español como Lengua Extranjera;Máster;35;30;30;15;0;0;0;1;1;0;1812.00;6.00;1.14;99.45;99.09;98.04;0.00;41.38;15/09/2024
2023;Facultad de Ciencias;2-Biofísica y Biotecnología Cuantitativa/Biophysics and Quantitative Biotechnology;Máster;32;17;24;10;0;0;0;1;5;2;1500.00;30.00;2.00;99.55;97.78;100.00;0.00;0.00;15/09/2024
2023;Facultad de Ciencias;2-Economía Circular;Máster;17;8;40;4;0;0;0;0;;0;813.00;0.00;2.00;100.00;87.55;98.45;0.00;0.00;15/09/2024
2023;Facultad de Ciencias;2-Física del Universo: Cosmología, Astrofísica, Partículas y Astropartículas;Máster;22;6;30;9;0;0;0;0;2;0;684.00;0.00;2.00;100.00;90.48;99.26;0.00;0.00;15/09/2024
2023;Facultad de Filosofía y Letras;2-Culturas e Identidades Hispánicas;Máster;3;0;;1;0;0;0;0;;0;96.00;0.00;2.00;100.00;76.92;100.00;;;15/09/2024
2023;Facultad de Veterinaria;2-Nutrición Animal;Máster;14;14;30;;0;0;;0;;0;840.00;0.00;;100.00;100.00;;0.00;0.00;15/09/2024
2023;Facultad de Veterinaria;2-Calidad, Seguridad y Tecnología de los Alimentos;Máster;36;19;30;7;0;0;0;0;;0;1677.00;0.00;2.00;100.00;96.38;100.00;0.00;0.00;15/09/2024
2023;Facultad de Ciencias Sociales y del Trabajo;2-Gestión Estratégica de Recursos Humanos;Máster;57;29;30;16;0;0;0;13;;0;2344.00;226.00;2.00;98.64;94.86;100.00;0.00;0.00;15/09/2024
2023;Escuela de Ingeniería y Arquitectura;2-Ingeniería Biomédica;Máster;49;27;40;16;0;0;0;6;1;2;2310.00;72.00;2.06;98.31;98.31;95.55;0.00;0.00;15/09/2024
2023;Escuela de Ingeniería y Arquitectura;2-Energías Renovables y Eficiencia Energética;Máster;35;19;30;9;0;0;0;1;24;0;1422.00;15.00;2.00;99.06;93.76;100.00;0.00;0.00;15/09/2024
2023;Facultad de Medicina;2-Inmunología Tumoral e Inmunoterapia del Cáncer;Máster;37;20;30;13;0;0;0;0;;0;1731.00;0.00;2.00;100.00;100.00;100.00;0.00;0.00;15/09/2024
2023;Facultad de Ciencias Humanas y de la Educación;2-Estudios Avanzados sobre el Lenguaje, la Comunicación y sus Patologías;Máster;22;19;20;12;0;0;0;2;;0;1182.00;18.00;1.09;98.82;85.03;98.37;0.00;55.56;15/09/2024
2023;Facultad de Filosofía y Letras;2-Historia Contemporánea;Máster;13;13;40;2;0;0;0;0;2;0;780.00;0.00;1.00;99.14;93.50;100.00;0.00;15.38;15/09/2024
2023;Facultad de Ciencias;2-Erasmus Mundus en Ingeniería de Membranas para un Desarrollo Sostenible;Máster;15;15;20;;0;0;;5;;0;442.00;155.00;;100.00;100.00;;0.00;0.00;15/09/2024
2023;Facultad de Ciencias;2-Economía Circular;Máster;;;;;;;;1;;;;12.00;;;;;;;15/09/2024
2023;Escuela de Ingeniería y Arquitectura;2-Ingeniería de Telecomunicación;Máster;;;;;;;;16;;;;864.00;;;;;;;15/09/2024
2023;Escuela de Doctorado;4-Movilidad Doctorado;Movilidad de entrada;2;0;;;0;0;;;2;0;0.00;;;;;;;;15/09/2024
2023;Escuela de Doctorado;3-PD Ciencias de la antigüedad;Doctorado;34;8;10;4;0;0;0;0;;0;0.00;0.00;6.01;;;;;;15/09/2024
2023;Escuela de Doctorado;3-PD Estudios ingleses;Doctorado;33;5;10;7;0;0;0;0;;0;0.00;0.00;4.92;;;;;;15/09/2024
2023;Escuela de Doctorado;3-PD Literaturas hispánicas;Doctorado;23;4;20;3;0;0;0;0;;0;0.00;0.00;4.92;;;;;;15/09/2024
2023;Escuela de Doctorado;3-PD Filosofía;Doctorado;29;7;8;5;0;0;0;0;;0;0.00;0.00;4.02;;;;;;15/09/2024
2023;Escuela de Doctorado;3-PD Historia contemporánea;Doctorado;31;9;15;4;0;0;0;0;;0;0.00;0.00;4.77;;;;;;15/09/2024
2023;Escuela de Doctorado;3-PD Historia del arte;Doctorado;48;14;20;7;0;0;0;0;;0;0.00;0.00;5.72;;;;;;15/09/2024
2023;Escuela de Doctorado;3-PD Historia, sociedad y cultura: épocas medieval y moderna;Doctorado;24;7;8;3;0;0;0;0;;0;0.00;0.00;5.30;;;;;;15/09/2024
2023;Escuela de Doctorado;3-PD Lingüística hispánica;Doctorado;21;6;25;5;0;0;0;0;;0;0.00;0.00;4.47;;;;;;15/09/2024
2023;Escuela de Doctorado;3-PD Bioquímica y biología molecular;Doctorado;107;23;30;33;0;0;0;0;;0;0.00;0.00;4.66;;;;;;15/09/2024
2023;Escuela de Doctorado;3-PD Calidad, seguridad y tecnología de los alimentos;Doctorado;33;8;15;6;0;0;0;0;;0;0.00;0.00;4.84;;;;;;15/09/2024
2023;Escuela de Doctorado;3-PD Ciencia analítica en química;Doctorado;32;6;15;6;0;0;0;0;;0;0.00;0.00;4.44;;;;;;15/09/2024
2023;Escuela de Doctorado;3-PD Física;Doctorado;109;27;50;15;0;0;0;0;;0;0.00;0.00;4.71;;;;;;15/09/2024
2023;Escuela de Doctorado;3-PD Geología;Doctorado;37;10;11;7;0;0;0;0;;0;0.00;0.00;4.31;;;;;;15/09/2024
2023;Escuela de Doctorado;3-PD Matemáticas y estadística;Doctorado;30;7;5;6;0;0;0;0;;0;0.00;0.00;3.62;;;;;;15/09/2024
2023;Escuela de Doctorado;3-PD Producción animal;Doctorado;22;4;6;2;0;0;0;0;;0;0.00;0.00;3.62;;;;;;15/09/2024
2023;Escuela de Doctorado;3-PD Química física;Doctorado;15;2;10;4;0;0;0;0;;0;0.00;0.00;4.53;;;;;;15/09/2024
2023;Escuela de Doctorado;3-PD Química inorgánica;Doctorado;40;12;18;5;0;0;0;0;;0;0.00;0.00;4.05;;;;;;15/09/2024
2023;Escuela de Doctorado;3-PD Química orgánica;Doctorado;41;9;12;8;0;0;0;0;;0;0.00;0.00;4.92;;;;;;15/09/2024
2023;Escuela de Doctorado;3-PD Ciencias biomédicas y biotecnológicas;Doctorado;41;3;20;10;0;0;0;0;;0;0.00;0.00;5.07;;;;;;15/09/2024
2023;Escuela de Doctorado;3-PD Ciencias de la salud y del deporte;Doctorado;138;30;30;13;0;0;0;0;;0;0.00;0.00;4.13;;;;;;15/09/2024
2023;Escuela de Doctorado;3-PD Medicina;Doctorado;287;41;75;31;0;0;0;0;;0;0.00;0.00;4.79;;;;;;15/09/2024
2023;Escuela de Doctorado;3-PD Medicina y sanidad animal;Doctorado;49;7;15;8;0;0;0;0;;0;0.00;0.00;4.83;;;;;;15/09/2024
2023;Escuela de Doctorado;3-PD Contabilidad y finanzas;Doctorado;31;11;18;3;0;0;0;0;;0;0.00;0.00;5.52;;;;;;15/09/2024
2023;Escuela de Doctorado;3-PD Derecho;Doctorado;116;22;30;9;0;0;0;0;;0;0.00;0.00;4.97;;;;;;15/09/2024
2023;Escuela de Doctorado;3-PD Derechos humanos y libertades fundamentales;Doctorado;43;9;10;6;0;0;0;0;;0;0.00;0.00;4.75;;;;;;15/09/2024
2023;Escuela de Doctorado;3-PD Economía;Doctorado;47;7;15;9;0;0;0;0;;0;0.00;0.00;5.12;;;;;;15/09/2024
2023;Escuela de Doctorado;3-PD Economía y gestión de las organizaciones;Doctorado;39;12;20;6;0;0;0;0;;0;0.00;0.00;3.06;;;;;;15/09/2024
2023;Escuela de Doctorado;3-PD Educación;Doctorado;111;26;25;15;0;0;0;0;;0;0.00;0.00;3.86;;;;;;15/09/2024
2023;Escuela de Doctorado;3-PD Ordenación del territorio y medio ambiente;Doctorado;46;14;25;5;0;0;0;0;;0;0.00;0.00;4.78;;;;;;15/09/2024
2023;Escuela de Doctorado;3-PD Relaciones de género y estudios feministas;Doctorado;17;4;30;4;0;0;0;0;;0;0.00;0.00;5.40;;;;;;15/09/2024
2023;Escuela de Doctorado;3-PD Sociología de las políticas públicas y sociales;Doctorado;56;11;20;9;0;0;0;0;;0;0.00;0.00;4.76;;;;;;15/09/2024
2023;Escuela de Doctorado;3-PD Ciencias agrarias y del medio natural;Doctorado;54;16;30;7;0;0;0;0;;0;0.00;0.00;4.83;;;;;;15/09/2024
2023;Escuela de Doctorado;3-PD Energías renovables y eficiencia energética;Doctorado;38;7;15;7;0;0;0;0;;0;0.00;0.00;5.66;;;;;;15/09/2024
2023;Escuela de Doctorado;3-PD Ingeniería biomédica;Doctorado;62;14;10;10;0;0;0;0;;0;0.00;0.00;4.87;;;;;;15/09/2024
2023;Escuela de Doctorado;3-PD Ingeniería de diseño y fabricación;Doctorado;38;8;20;4;0;0;0;0;;0;0.00;0.00;5.66;;;;;;15/09/2024
2023;Escuela de Doctorado;3-PD Ingeniería de sistemas e informática;Doctorado;93;16;30;14;0;0;0;0;;0;0.00;0.00;4.42;;;;;;15/09/2024
2023;Escuela de Doctorado;3-PD Ingeniería electrónica;Doctorado;33;2;10;6;0;0;0;0;;0;0.00;0.00;4.61;;;;;;15/09/2024
2023;Escuela de Doctorado;3-PD Ingeniería mecánica;Doctorado;51;8;25;7;0;0;0;0;;0;0.00;0.00;5.12;;;;;;15/09/2024
2023;Escuela de Doctorado;3-PD Ingeniería química y del medio ambiente;Doctorado;93;22;60;12;0;0;0;0;;0;0.00;0.00;4.49;;;;;;15/09/2024
2023;Escuela de Doctorado;3-PD Mecánica de fluidos;Doctorado;17;5;3;2;0;0;0;0;;0;0.00;0.00;5.21;;;;;;15/09/2024
2023;Escuela de Doctorado;3-PD Nuevos territorios en la arquitectura;Doctorado;34;4;10;4;0;0;0;0;;0;0.00;0.00;5.75;;;;;;15/09/2024
2023;Escuela de Doctorado;3-PD Tecnologías de la información y comunicaciones en redes moviles;Doctorado;15;2;10;;0;0;;0;;0;0.00;0.00;;;;;;;15/09/2024
2023;Escuela de Doctorado;3-PD Información y Comunicación;Doctorado;37;7;6;10;0;0;0;0;;0;0.00;0.00;4.08;;;;;;15/09/2024
2023;Escuela de Doctorado;3-PD Patrimonio, Sociedades y Espacios de Frontera;Doctorado;25;5;8;2;0;0;0;0;;0;0.00;0.00;3.68;;;;;;15/09/2024
2023;Escuela de Doctorado;3-PD Logística y gestión de la cadena de suministro;Doctorado;2;0;8;2;0;0;0;0;;0;0.00;0.00;4.20;;;;;;15/09/2024
2023;Escuela de Doctorado;3-PD Psicología;Doctorado;47;16;20;3;0;0;0;0;;0;0.00;0.00;4.14;;;;;;15/09/2024
2023;Escuela de Doctorado;3-PD Sistemas eficientes de producción y calidad agroalimentaria;Doctorado;;;4;;;;;;;;;;;;;;;;15/09/2024
2023;Escuela de Doctorado;3-PD en Relaciones Laborales y Recursos Humanos;Doctorado;3;3;10;;0;0;;0;;0;0.00;0.00;;;;;;;15/09/2024
2023;Escuela de Doctorado;3-PD en Salud Global: Determinantes e Interacción de la Salud Humana, Animal y Ambiental;Doctorado;3;3;4;;0;0;;0;;0;0.00;0.00;;;;;;;15/09/2024
2023;Escuela de Doctorado;3-Programa de Doctorado en Didáctica de las Ciencias Experimentales;Doctorado;3;3;6;;0;0;;0;;0;0.00;0.00;;;;;;;15/09/2024
